model,frames_sampled,avg_detections,avg_confidence,median_confidence,avg_small_dets,median_ms,p95_ms,peak_ram_mb
yolo11m,5937,9.116557183762843,0.5409655218856715,0.5085945129394531,0.00067374094660603,88.62049999879673,131.26950820442286,323.371008
yolo11l,5937,10.95199595755432,0.53553830473934,0.4942080229520798,0.009095502779181405,111.5443329908885,165.97199981333688,345.341952
yolo11x,5937,9.993431025770592,0.5511508627356468,0.515691876411438,0.0001684352366515075,225.3844160004519,425.2766163786873,338.018304
yolo_staff_customer,5937,0.22418729998315648,0.33859111705639594,0.31883591413497925,0.06703722418729999,27.427083055954427,48.93771639326584,319.881216
