model,frames_sampled,avg_tracks,max_tracks,total_unique_ids,track_birth_rate,avg_track_lifetime,max_track_lifetime,recovered_tracks,tracks_lost,median_ms,p95_ms,peak_ram_mb
yolo_staff_customer,5937,0.17887822132390097,2,29,0.4884621862893717,172.13793103448276,1204.0,16,27,24.61799996672198,31.882199610117823,458.539008
yolo11l,5937,10.191342428836112,19,724,12.194711133569143,99.77762430939227,2275.0,514,707,152.14383299462497,205.27604155940935,297.926656
